distance,1,2,3,4,5,6,7,8,9,10
0,0.56104887,0.43312014,0.46629038,0.55898068,0.55577608,0.50475223,0.54452973,0.55200164,0.49663059,0.52803517
0.379,0.52771536,0.40807084,0.42380241,0.51610321,0.49498675,0.48162835,0.48615639,0.44578391,0.41710895,0.48178751
0.758,0.48877136,0.3794441,0.3720678,0.47122279,0.46776676,0.42723566,0.45505055,0.3994221,0.36895544,0.42930992
1.137,0.43563935,0.34826388,0.33207492,0.44403997,0.43727389,0.40654789,0.42213011,0.37749657,0.33147698,0.40821808
1.517,0.4088377,0.32365456,0.3265228,0.43410023,0.4089953,0.39265115,0.40981237,0.34469845,0.32172359,0.35506503
1.896,0.38572401,0.31074873,0.32909344,0.42887849,0.37173968,0.39943845,0.39818217,0.32468464,0.30870603,0.34739987
2.275,0.38086249,0.29723252,0.34161547,0.44624887,0.35609812,0.38412151,0.39339507,0.32494615,0.32359247,0.32760929
2.654,0.37661237,0.29127918,0.32124906,0.44726536,0.35573611,0.35789578,0.38143688,0.32404955,0.33300306,0.32455615
3.033,0.34292816,0.30310026,0.31903856,0.43111861,0.35747077,0.35769689,0.37749655,0.34055682,0.34353227,0.32847867
3.412,0.33514292,0.29007844,0.31918965,0.43836192,0.33119062,0.34697485,0.38003025,0.3151518,0.33802635,0.32150395
3.792,0.33747476,0.29045202,0.30486693,0.43477869,0.309926,0.33702687,0.37746059,0.31501139,0.34141229,0.3193202
4.171,0.35528195,0.29224074,0.32447995,0.43468383,0.30781107,0.33188387,0.37601434,0.32474905,0.33672279,0.32056712
4.55,0.37032763,0.30542256,0.30243807,0.43028104,0.3192342,0.31857912,0.37802046,0.31336891,0.34494709,0.31366173
4.929,0.37446311,0.29968441,0.32184929,0.4179703,0.32345834,0.33509217,0.37853703,0.31561041,0.35617244,0.29599682
5.308,0.35520128,0.30428021,0.3398748,0.40653555,0.3154086,0.34610928,0.37412636,0.29681655,0.32797526,0.29492415
5.687,0.34657621,0.29668375,0.32348336,0.41965444,0.32087064,0.35045767,0.37443894,0.30077396,0.33960205,0.3072641
6.067,0.34024986,0.29344149,0.31199828,0.41973069,0.33005778,0.33145996,0.37303965,0.30620897,0.32452015,0.30646311
6.446,0.3528185,0.28472107,0.32021418,0.42749996,0.3310296,0.3343041,0.388539,0.30626565,0.3208786,0.30499697
6.825,0.33687439,0.28803213,0.3070764,0.42408304,0.33545016,0.32698458,0.37517638,0.3200522,0.31370527,0.30673292
7.204,0.34877133,0.29392227,0.2922973,0.43086224,0.33042892,0.3268772,0.37117442,0.31841229,0.31187246,0.29774027
7.583,0.3431379,0.28896649,0.30481208,0.43500385,0.3275386,0.32120011,0.3737492,0.32383442,0.30993291,0.3164104
7.962,0.35536177,0.30702489,0.30976605,0.42314581,0.32921615,0.3234476,0.36185778,0.32364763,0.31896762,0.31533585
8.341,0.36545252,0.29801169,0.30715194,0.41719578,0.33465193,0.32623853,0.36221072,0.32325729,0.30262576,0.30402454
8.721,0.34492542,0.28958006,0.31252814,0.41521143,0.34738375,0.32996132,0.36944126,0.32102738,0.33061545,0.29516304
9.1,0.34696344,0.28558503,0.3102483,0.42178529,0.35181573,0.33185212,0.38270409,0.30365185,0.33317446,0.30086273
9.479,0.33440584,0.28152841,0.30672661,0.43351664,0.35698429,0.33706702,0.38034503,0.29900266,0.32784896,0.30145949
9.858,0.33021431,0.29836927,0.29766625,0.42391193,0.3529794,0.33508097,0.37435676,0.29678305,0.30951042,0.30504756
10.237,0.32841322,0.3046026,0.29316038,0.43173823,0.33467705,0.33403986,0.37036507,0.29653056,0.33247382,0.3118855
10.616,0.34380366,0.29354468,0.28675345,0.4160478,0.32095286,0.3558481,0.37692568,0.29059701,0.34461782,0.31050554
10.996,0.34403378,0.28345153,0.30926827,0.41711292,0.3067696,0.34104845,0.37547869,0.3022683,0.33926977,0.31267431
11.375,0.3373321,0.28257717,0.31435263,0.4235829,0.30860017,0.33645729,0.37691027,0.31897267,0.32651834,0.3132336
11.754,0.33764799,0.27632784,0.30738065,0.41291667,0.31605267,0.32534401,0.37537303,0.30408985,0.31689124,0.2860739
12.133,0.3318286,0.27455752,0.30570311,0.41677429,0.31285972,0.31774436,0.37686184,0.30384637,0.30759793,0.2889481
12.512,0.33520067,0.2772646,0.31045113,0.39757808,0.3121654,0.31291884,0.37559389,0.29736791,0.31582675,0.30780747
12.891,0.33632243,0.28428429,0.30365509,0.40274458,0.32752147,0.30594853,0.3736927,0.29262081,0.30768514,0.30913027
13.271,0.34120603,0.27662943,0.30142492,0.40792309,0.32924013,0.31133056,0.37902645,0.31852823,0.30274003,0.30188669
13.65,0.35378655,0.27842455,0.30150357,0.41204669,0.33357733,0.32761952,0.37574725,0.31168005,0.31481036,0.29988842
14.029,0.36146649,0.28894729,0.29663654,0.41591451,0.33368811,0.33627708,0.37476914,0.29103887,0.31306176,0.2856823
14.408,0.3364583,0.27468311,0.29574862,0.41607842,0.33774552,0.34030893,0.36726858,0.28841992,0.30915408,0.29208742
14.787,0.32499529,0.28748975,0.28438565,0.41916691,0.32184702,0.36075207,0.36406055,0.28079494,0.30708072,0.29678563
15.166,0.33033405,0.2885849,0.28124169,0.42425716,0.30659602,0.35113929,0.36794878,0.29463945,0.3077964,0.29700766
15.545,0.32260231,0.2910016,0.29288511,0.41845903,0.29744427,0.3596652,0.3615606,0.29757917,0.31553205,0.29517897
15.925,0.32267704,0.28806173,0.30492695,0.41504692,0.30508177,0.36165498,0.3472705,0.29260664,0.3119747,0.28694609
16.304,0.31992826,0.28469547,0.29462267,0.43085263,0.3112484,0.36375215,0.35676177,0.29619562,0.31971788,0.28270036
16.683,0.3310482,0.26720264,0.29203858,0.4132463,0.30795953,0.3454594,0.35728788,0.29211196,0.31518925,0.28996175
17.062,0.32204101,0.27599346,0.30173746,0.41648609,0.30630824,0.33178023,0.36879921,0.30558161,0.33626872,0.28557269
17.441,0.34970372,0.26350121,0.29915337,0.42899797,0.31003335,0.31930463,0.37093888,0.29779431,0.31398793,0.27457709
17.82,0.34637326,0.27101688,0.30091887,0.43089166,0.32222501,0.32872786,0.37020878,0.29733956,0.33673632,0.27819139
18.2,0.3594463,0.28531465,0.29294513,0.42335535,0.32386146,0.34302796,0.36348161,0.27612256,0.32427658,0.30505131
18.579,0.34830513,0.27898852,0.29354018,0.42557986,0.32466997,0.32786135,0.36054874,0.2911458,0.31855264,0.30068379
18.958,0.3372217,0.27357916,0.29039519,0.42290925,0.3245455,0.33095481,0.36178587,0.30740186,0.33289029,0.29815716
19.337,0.33677249,0.28782654,0.29625053,0.41414751,0.30488535,0.3263431,0.35579687,0.30958669,0.32124546,0.30420254
19.716,0.32220999,0.28230678,0.30180162,0.41390014,0.30610611,0.33361408,0.35434107,0.3053961,0.30789864,0.29693272
20.095,0.3141284,0.26631708,0.30224662,0.42352587,0.30730632,0.33620612,0.36295403,0.29123211,0.32361954,0.29511245
20.475,0.3342394,0.25837903,0.29592041,0.417523,0.31146766,0.33516034,0.36657003,0.28897128,0.31849701,0.27967252
20.854,0.32624103,0.26093892,0.30230457,0.416342,0.30450164,0.32590332,0.36697287,0.29297765,0.31892552,0.27590927
21.233,0.33498328,0.24681154,0.30740652,0.41795769,0.30004339,0.31081421,0.36768535,0.28662543,0.32216562,0.29121991
21.612,0.33848443,0.26035094,0.29497556,0.41633659,0.30994656,0.32915457,0.36724436,0.28475622,0.32213255,0.31013175
21.991,0.33653727,0.27001052,0.2940628,0.42197562,0.31072995,0.34180384,0.35971885,0.28982408,0.31799183,0.29863026
22.37,0.32883526,0.25746147,0.29189576,0.43160794,0.3099831,0.33268501,0.35647193,0.29929766,0.3145277,0.2900648
22.75,0.32905095,0.26770662,0.29252083,0.42901779,0.30808172,0.32823951,0.35637948,0.29906449,0.29449618,0.30698867
23.129,0.32793853,0.26037574,0.29366437,0.42071056,0.31227275,0.32255402,0.35550116,0.30222708,0.31543883,0.29733462
23.508,0.35072443,0.27585426,0.2851318,0.4119248,0.31665677,0.31976029,0.35768045,0.28809013,0.31293696,0.28655636
23.887,0.34665009,0.27891173,0.30100476,0.41323069,0.3054826,0.31091785,0.35630904,0.29267491,0.31258965,0.30764446
24.266,0.34454329,0.27770378,0.2983058,0.41656054,0.2993034,0.32901544,0.36317856,0.30693037,0.29142898,0.30204595
24.645,0.33642518,0.2796485,0.30584179,0.40848447,0.30144345,0.34447898,0.37190598,0.30297038,0.29542386,0.30244316
25.024,0.33083846,0.26037574,0.29110408,0.41319646,0.29729467,0.3334264,0.36602704,0.2977299,0.30041407,0.30646405
25.404,0.33420798,0.26520193,0.28386718,0.40825572,0.29241504,0.33881776,0.3557323,0.30188312,0.30243782,0.28667253
25.783,0.3281763,0.28517625,0.2940659,0.41047182,0.29325895,0.3278987,0.34833739,0.28725537,0.32967425,0.29560991
26.162,0.32272714,0.27439273,0.29411144,0.41060511,0.30620661,0.32813027,0.3551827,0.25294745,0.33049668,0.28360909
26.541,0.33378255,0.27023531,0.27605281,0.40993505,0.30657204,0.3214989,0.36163251,0.26149094,0.32176869,0.29260362
26.92,0.31962596,0.27212643,0.2781029,0.41164802,0.31147451,0.32232525,0.36563815,0.26480295,0.31805949,0.29271885
27.299,0.33614325,0.27651983,0.27857895,0.40614048,0.31522817,0.32758403,0.3660109,0.26736651,0.32853908,0.28228722
27.679,0.33751382,0.27423593,0.29583762,0.39683117,0.31623196,0.31207007,0.37259205,0.28862475,0.29242582,0.27287955
28.058,0.34434628,0.27208003,0.29361263,0.39197628,0.31266216,0.3224429,0.3663565,0.28650176,0.30347225,0.26920061
28.437,0.35292634,0.26400758,0.29417353,0.39587472,0.29360383,0.33878882,0.35700978,0.29746066,0.29926237,0.27851272
28.816,0.34401765,0.25700069,0.27913364,0.40206672,0.28553353,0.3413155,0.36753273,0.26734848,0.30595909,0.28203615
29.195,0.33178784,0.24936103,0.29030102,0.40411231,0.30520167,0.33354965,0.36604685,0.276938,0.31600266,0.28425738
29.574,0.31786562,0.24626036,0.29475099,0.40123756,0.31985771,0.32598642,0.36398717,0.26953459,0.31797378,0.29055476
29.954,0.31472707,0.25776386,0.2861377,0.3970125,0.31997419,0.32984553,0.36982575,0.28053987,0.31853911,0.28005943
30.333,0.33614495,0.27674142,0.28909952,0.39740396,0.31590193,0.34017728,0.37544714,0.27103795,0.31028925,0.28448409
30.712,0.33693044,0.27302879,0.30336325,0.40464247,0.31152019,0.33030586,0.36691123,0.29062407,0.31921119,0.27970718
31.091,0.3305905,0.26550432,0.30959012,0.39137948,0.31482733,0.3386693,0.36511277,0.28231633,0.32236559,0.28105903
31.47,0.32624357,0.26054534,0.28852102,0.39438271,0.31269185,0.33823792,0.37289803,0.29231035,0.31851806,0.28195277
31.849,0.31481198,0.25819184,0.29873114,0.39161604,0.30506349,0.33476443,0.36480312,0.29564555,0.30977655,0.26986576
32.228,0.31285549,0.25894381,0.29567721,0.39589154,0.30930591,0.33218173,0.35817647,0.30074433,0.3481045,0.28210547
32.608,0.32047173,0.26447796,0.29016545,0.38971395,0.31203864,0.32307411,0.35113671,0.2958375,0.33794215,0.29266638
32.987,0.31045911,0.25340885,0.28282195,0.40311923,0.3111776,0.33106966,0.35594949,0.30205832,0.34037035,0.28975939
33.366,0.3223034,0.2614429,0.29061562,0.41769411,0.30789329,0.33682518,0.36185705,0.2947438,0.35367207,0.2862191
33.745,0.33080109,0.25880221,0.29020891,0.40921997,0.29155856,0.3236885,0.3663565,0.29837658,0.36385547,0.28812556
34.124,0.33019818,0.26960654,0.29012302,0.40520445,0.28080006,0.32809665,0.36857908,0.29017319,0.3383451,0.29314604
34.503,0.31574862,0.25753747,0.30181197,0.40505194,0.28666065,0.32729551,0.36559852,0.28312662,0.3384759,0.2860739
34.883,0.32402043,0.26685466,0.29616671,0.40228107,0.29546981,0.3345338,0.36182329,0.29940201,0.33974488,0.28317815
35.262,0.32360774,0.26969453,0.28642953,0.40253564,0.30825758,0.32183038,0.36299585,0.30094014,0.31648228,0.28986994
35.641,0.32591919,0.27454472,0.27770758,0.39282406,0.3171147,0.31415136,0.36619287,0.27728968,0.31039149,0.28787168
36.02,0.32951035,0.28125082,0.27581686,0.39119815,0.32474534,0.32176035,0.37224425,0.26983732,0.31384209,0.28442694
36.399,0.31848636,0.26389639,0.286562,0.38372729,0.32200005,0.31470974,0.36519422,0.27051879,0.31397891,0.28644301
36.778,0.3260593,0.26985053,0.29571136,0.38306144,0.30793783,0.31957915,0.36103963,0.26443839,0.30316403,0.27920692
37.158,0.33292148,0.27594386,0.3099813,0.38930927,0.29546866,0.3222683,0.36120766,0.27378701,0.30906989,0.28060467
37.537,0.33822967,0.25720148,0.30855627,0.38224429,0.29090193,0.32547287,0.36388004,0.2726611,0.32488551,0.2732496
37.916,0.33745862,0.26455076,0.30213692,0.38861821,0.29485999,0.32395835,0.36286524,0.25954701,0.32297452,0.27699786
38.295,0.32340648,0.25828144,0.30856248,0.38062619,0.29725699,0.32101243,0.36176679,0.28037626,0.33001104,0.28121548
38.674,0.34398029,0.25547276,0.29829235,0.39331099,0.28670747,0.32132336,0.3604893,0.29517793,0.32700247,0.29464966
39.053,0.34399217,0.26674506,0.29603838,0.3918544,0.28780148,0.30648169,0.36357479,0.27175549,0.31605227,0.29059692
39.432,0.33558365,0.25984137,0.29048729,0.38597641,0.29298374,0.3000212,0.36770737,0.25892995,0.30402555,0.29146068
39.812,0.33719453,0.25896941,0.29158116,0.39050769,0.30019642,0.30524356,0.36007619,0.26482099,0.31524488,0.29522206
40.191,0.33156026,0.26760343,0.30689012,0.39395222,0.30421729,0.30279998,0.35651596,0.27650516,0.29495025,0.28049881
40.57,0.32629368,0.26839299,0.3105629,0.39400265,0.30725265,0.3123614,0.3605392,0.26134021,0.30671987,0.27200549
40.949,0.32421235,0.26154769,0.30177782,0.39427404,0.29396126,0.32434678,0.36630074,0.25980465,0.31722954,0.26488556
41.328,0.3182435,0.26514273,0.29111546,0.39969211,0.29163393,0.32150637,0.36055021,0.25088501,0.31883982,0.26759488
41.707,0.31592016,0.25957898,0.2723883,0.39591135,0.28428421,0.31185999,0.34973962,0.25325405,0.32157023,0.27194834
42.087,0.32215904,0.26394919,0.27495791,0.39073824,0.27788233,0.3175959,0.34504058,0.25378995,0.31732727,0.28174198
42.466,0.31343123,0.27189524,0.28226622,0.38739758,0.28399872,0.31890873,0.35092612,0.26454273,0.32446301,0.28704164
42.845,0.31167683,0.2636964,0.29117135,0.38428267,0.29166362,0.31312706,0.34791695,0.26846279,0.3100562,0.27993015
43.224,0.31275613,0.25407442,0.29121067,0.39251244,0.29837726,0.31075725,0.34630339,0.27407042,0.32745203,0.28273034
43.603,0.31013643,0.25925179,0.29420768,0.38775602,0.30137836,0.31078433,0.34339768,0.2672802,0.33028167,0.28359035
43.982,0.31517798,0.25925099,0.29395724,0.38002818,0.29751051,0.30002867,0.34536564,0.27231071,0.31364663,0.26901231
44.362,0.32016603,0.26730904,0.29495383,0.39094959,0.28904623,0.3209564,0.34593651,0.27139221,0.31666571,0.27346039
44.741,0.31931431,0.26283164,0.30844968,0.39103424,0.28519094,0.33341986,0.33741821,0.25771001,0.31041404,0.27241676
45.12,0.31799639,0.26068373,0.29784321,0.40124296,0.28226749,0.30939306,0.3435503,0.2517932,0.32638603,0.27858205
45.499,0.31879037,0.25254649,0.27908086,0.39261511,0.27389229,0.30208007,0.35437409,0.2669311,0.32341656,0.26950977
45.878,0.31724657,0.25620633,0.28263774,0.3872805,0.27908254,0.301588,0.35438657,0.26722996,0.32248437,0.26373982
46.257,0.32240361,0.2591846,0.27737538,0.39162264,0.29476521,0.31010644,0.3495826,0.25627235,0.32640407,0.26978426
46.636,0.3269934,0.24728352,0.27544016,0.39336682,0.28703979,0.31501787,0.35234303,0.25908196,0.30683865,0.27231277
47.016,0.32294113,0.24161097,0.26767857,0.37874812,0.28529486,0.31118676,0.3512798,0.26054538,0.30937059,0.27357374
47.395,0.31885575,0.24820028,0.27298025,0.37635549,0.27490636,0.31602163,0.34620727,0.26534143,0.30387369,0.2698058
47.774,0.32774407,0.25124015,0.28680623,0.38102126,0.26984515,0.3125276,0.34326707,0.26031737,0.31718594,0.27766676
48.153,0.31887359,0.25442081,0.29946176,0.38237157,0.27007925,0.31810759,0.34229849,0.24239949,0.31080646,0.27452744
48.532,0.3073384,0.26951774,0.30460614,0.37625222,0.27900032,0.3112792,0.34423711,0.25813898,0.30704463,0.27038008
48.911,0.31521619,0.25990696,0.29625053,0.36585257,0.2934942,0.31481245,0.33947129,0.27241119,0.31111318,0.2624067
49.291,0.31839041,0.26941375,0.29541228,0.37089119,0.29569363,0.31211956,0.34673118,0.26695042,0.3170867,0.26277488
49.67,0.30076239,0.26102052,0.29733301,0.37433392,0.28217157,0.31109059,0.34725142,0.27026501,0.30832263,0.27109395
50.049,0.29001778,0.25392003,0.28208511,0.37594001,0.27186644,0.3033042,0.34378877,0.26364871,0.30275206,0.25847294
50.428,0.28533798,0.25403842,0.27888631,0.37106411,0.27523753,0.31430263,0.34471846,0.28288057,0.31042006,0.26093588
50.807,0.29401994,0.250021,0.27699869,0.37200615,0.28000411,0.30926328,0.34333824,0.2735036,0.29342266,0.26887647
51.186,0.28638416,0.25122975,0.27350597,0.36157948,0.27659419,0.29608458,0.338411,0.25124829,0.30221079,0.26334541
51.566,0.2917985,0.25286007,0.27537186,0.3629358,0.27901174,0.29350468,0.34613096,0.2368756,0.30301518,0.25591071
51.945,0.29338391,0.25190172,0.28044587,0.36173138,0.27679632,0.293627,0.34501857,0.24579782,0.30631993,0.26415764
52.324,0.29749052,0.25151773,0.2840193,0.3704625,0.28039923,0.29700524,0.34436625,0.24281816,0.30003368,0.26714145
52.703,0.29906319,0.2567911,0.27509141,0.36997197,0.27938516,0.30178968,0.33674095,0.23916735,0.29273405,0.27318308
53.082,0.29939607,0.24714993,0.26447976,0.3669213,0.26426092,0.30707554,0.33262818,0.24028294,0.29052687,0.2756329
53.461,0.30046857,0.25165853,0.26893388,0.36569347,0.26143112,0.30913816,0.33611651,0.25820339,0.28586142,0.26957815
53.841,0.29242434,0.25117695,0.27661889,0.37041567,0.26074365,0.30492422,0.33986166,0.27024182,0.29348731,0.27433164
54.22,0.28979445,0.24974981,0.26818877,0.36938237,0.26223392,0.31369383,0.34598934,0.26652015,0.30274604,0.27438129
54.599,0.28728853,0.24457724,0.26697278,0.36225794,0.25729947,0.30155532,0.34972421,0.26374919,0.3040917,0.27061429
54.978,0.29661842,0.24492602,0.26900011,0.36261458,0.25304678,0.30036481,0.3503758,0.25261638,0.28945034,0.27761149
55.357,0.29829299,0.24557559,0.27655472,0.36084398,0.25043281,0.29744036,0.34428407,0.24930307,0.29377449,0.28009035
55.736,0.29616666,0.25281368,0.27002257,0.36185146,0.2563642,0.29367649,0.34030192,0.25056939,0.29792573,0.26867973
56.115,0.29562743,0.25170333,0.25748605,0.3689891,0.25872236,0.28080779,0.33829653,0.25066086,0.28832269,0.2643244
56.495,0.29322681,0.25173372,0.26861203,0.35712506,0.25759752,0.28286667,0.33319612,0.2439737,0.30567191,0.26114292
56.874,0.28437247,0.24329649,0.27295231,0.35863869,0.25208409,0.27968171,0.33299066,0.24708604,0.31353236,0.25761574
57.253,0.28084245,0.25108175,0.28001743,0.3642717,0.25117623,0.27432769,0.3317506,0.24748153,0.30461343,0.26022388
57.632,0.27923411,0.25068977,0.27778416,0.36873693,0.25365316,0.28276769,0.33770658,0.25063509,0.31070723,0.25541793
58.011,0.29095697,0.25167453,0.26654952,0.36819656,0.26253883,0.29843665,0.3411839,0.24269836,0.32154617,0.2498316
58.39,0.29214751,0.24655795,0.26562123,0.3527559,0.25907523,0.29775783,0.3367791,0.23526919,0.30960965,0.25818253
58.77,0.29571999,0.24435965,0.26452737,0.35165175,0.24719418,0.30153291,0.3339607,0.23058779,0.29635154,0.25718761
59.149,0.30640006,0.24790589,0.25794036,0.35219452,0.24898251,0.28872304,0.3284736,0.22719333,0.29299566,0.26037565
59.528,0.29846452,0.23983985,0.25781928,0.35185469,0.24771834,0.27979376,0.32915086,0.23402348,0.29830913,0.26179401
59.907,0.29664984,0.24271652,0.26376776,0.35448387,0.2449936,0.28732617,0.3310227,0.24623968,0.29363015,0.25677072
60.286,0.29235301,0.24237974,0.27618113,0.35501823,0.24858282,0.28564079,0.34189346,0.25372425,0.29831064,0.25583295
60.665,0.2895397,0.2431605,0.27769826,0.36178662,0.25261854,0.28016632,0.34199765,0.2563986,0.29884288,0.24525143
61.045,0.2833645,0.23845911,0.2722072,0.36147441,0.25341792,0.28307489,0.34312472,0.24357693,0.30992088,0.24390614
61.424,0.2856785,0.24613877,0.26627838,0.36348877,0.25599306,0.28624304,0.34189712,0.23658833,0.31219873,0.2495187
61.803,0.28160246,0.25016419,0.25969966,0.36816534,0.25883314,0.27893472,0.33371196,0.2297118,0.31368572,0.24798792
62.182,0.28699642,0.24738751,0.2548616,0.36678561,0.24752878,0.26959647,0.33219893,0.22717916,0.31231601,0.24544536
62.561,0.29193861,0.24342849,0.25831602,0.36493755,0.24468185,0.27080472,0.33199788,0.23939665,0.30890901,0.24240721
62.94,0.29099688,0.23967905,0.26613143,0.36504022,0.24219235,0.27102695,0.33642616,0.24737074,0.2958253,0.24003702
63.319,0.2896365,0.24599878,0.26447976,0.35929733,0.24821739,0.27878626,0.3358164,0.23987458,0.29711533,0.25070661
63.699,0.28615404,0.24911624,0.26189257,0.36125526,0.25778252,0.26879719,0.3332805,0.24214443,0.29279268,0.25073939
64.078,0.29314869,0.25293367,0.26939336,0.36166173,0.25274415,0.2745966,0.3327133,0.24762838,0.29534417,0.25850199
64.457,0.29885769,0.25338245,0.27827055,0.34982291,0.24571419,0.27311757,0.33400179,0.25195294,0.28574715,0.25195447
64.836,0.29928992,0.24266772,0.2751121,0.34967761,0.25028092,0.2779403,0.33128539,0.24685545,0.275033,0.25732533
65.215,0.30065964,0.25147294,0.2691067,0.35271147,0.25931505,0.28719732,0.33117973,0.24909438,0.28242585,0.25610932
65.594,0.29330069,0.25648711,0.26495374,0.3542395,0.25746277,0.28844105,0.32738249,0.25304664,0.28773932,0.2568185
65.974,0.29424667,0.259063,0.2643059,0.35179645,0.25145487,0.28166122,0.32984501,0.24758587,0.29270398,0.25236761
66.353,0.28735052,0.25558235,0.25702967,0.35165895,0.25401859,0.27360125,0.33218646,0.2473643,0.28716047,0.25074314
66.732,0.28123052,0.25958298,0.24955267,0.34926573,0.25247465,0.27035746,0.33481701,0.24913045,0.28996004,0.25279668
67.111,0.28085094,0.26203087,0.24376046,0.35339533,0.24907615,0.2644404,0.34241737,0.24289417,0.30241377,0.25896478
67.49,0.28286009,0.25319446,0.25045716,0.355863,0.2437009,0.27422311,0.34838802,0.24250642,0.30346624,0.25386092
67.869,0.29202268,0.25593354,0.25386915,0.35701458,0.2437854,0.27688705,0.34997076,0.23586048,0.30993742,0.24550344
68.249,0.29001354,0.25422161,0.25899801,0.34974246,0.24711767,0.2738907,0.35445994,0.23566725,0.30971189,0.24043143
68.628,0.28456693,0.26054454,0.25498993,0.34693015,0.24757902,0.27240514,0.35122036,0.23513392,0.30712733,0.24053917
69.007,0.28975539,0.26776822,0.25381844,0.35312995,0.24144893,0.28189279,0.34531794,0.23935671,0.31581923,0.24714383
69.386,0.29153696,0.26197647,0.25448904,0.35701158,0.24041659,0.28200764,0.34273875,0.24292122,0.30472469,0.24869804
69.765,0.28807997,0.26117251,0.25506444,0.35288979,0.24519688,0.28039135,0.34530254,0.2353001,0.29483899,0.25385436
70.144,0.2960741,0.25779426,0.25669747,0.35267845,0.24043715,0.27909346,0.34776432,0.22733761,0.29917817,0.25089959
70.523,0.29544231,0.25761506,0.26426865,0.34825104,0.23964576,0.27859578,0.34549111,0.22717787,0.30747164,0.24219549
70.903,0.29319624,0.26322522,0.27245764,0.34467262,0.24555774,0.27599627,0.34215981,0.22523136,0.30141993,0.23520672
71.282,0.292415,0.2612861,0.27684449,0.35008889,0.24415197,0.27562091,0.34238361,0.2316699,0.29836927,0.22911356
71.661,0.28957536,0.25316166,0.27078217,0.35190812,0.24020647,0.2789674,0.34067981,0.24065653,0.29202739,0.22828259
72.04,0.28272592,0.26174048,0.26258697,0.35324283,0.23079664,0.2689606,0.34108851,0.24430864,0.30004571,0.23576132
72.419,0.28140715,0.26674266,0.26103569,0.35141879,0.23398616,0.26805581,0.34076419,0.24698041,0.30721904,0.23415465
72.798,0.28582031,0.26870898,0.24949783,0.35161993,0.23916613,0.26465609,0.34467223,0.24100177,0.29864893,0.23792447
73.178,0.28683423,0.26532673,0.24290047,0.356446,0.23710374,0.26386522,0.33872065,0.23383153,0.29234163,0.2343289
73.557,0.29194541,0.25999416,0.24464942,0.3567396,0.24007628,0.27118475,0.33205585,0.23070631,0.28196577,0.23253393
73.936,0.29360724,0.26762742,0.24670572,0.35735081,0.23712429,0.27946322,0.33786067,0.2405174,0.28434135,0.23439823
74.315,0.28894442,0.26560271,0.25362803,0.35294983,0.23944934,0.27771434,0.34666074,0.24311188,0.28066823,0.24422092
74.694,0.28802817,0.26520753,0.25141235,0.34783796,0.23688562,0.28002159,0.34498408,0.23672745,0.28711386,0.24685435
75.073,0.28267667,0.28022847,0.24690338,0.34844798,0.23389138,0.27222959,0.34657269,0.23567884,0.28916016,0.23964824
75.453,0.28291274,0.27832455,0.2557516,0.34959355,0.23022337,0.26596892,0.3468816,0.23188503,0.29525998,0.24083052
75.832,0.28424594,0.26404358,0.26176941,0.34614422,0.23083547,0.26675419,0.34707605,0.23315264,0.29948188,0.24729185
76.211,0.28561481,0.2592022,0.26007946,0.34196238,0.23483007,0.26524995,0.34390104,0.2289788,0.29742957,0.24398671
76.59,0.27803338,0.26402358,0.26060932,0.34015696,0.24188288,0.25862418,0.34703643,0.22307746,0.28849861,0.23751226
76.969,0.27226069,0.2637364,0.26422311,0.34221936,0.24336059,0.26120782,0.34902347,0.22358502,0.28422558,0.2401457
77.348,0.27388261,0.25468959,0.27136688,0.34478369,0.2416168,0.27127158,0.35419359,0.22365973,0.28209658,0.23984123
77.727,0.28011895,0.26336281,0.26748194,0.34461318,0.23428307,0.27511202,0.35131796,0.2240243,0.28421956,0.23682931
78.107,0.27376543,0.26903056,0.26128716,0.34497582,0.23003152,0.2789618,0.35149773,0.22157539,0.28491269,0.23341175
78.486,0.27159833,0.26980333,0.25878172,0.34781695,0.22885415,0.28785373,0.3448997,0.22986252,0.28316258,0.23220136
78.865,0.27696257,0.26724184,0.25845677,0.34558224,0.2270898,0.28442694,0.34775478,0.23499737,0.28053892,0.23205334
79.244,0.27550199,0.26923615,0.25560464,0.34415747,0.22501941,0.27282625,0.34969706,0.22890022,0.27495632,0.23308198
79.623,0.27299183,0.2682218,0.25855715,0.34452312,0.22389686,0.2690465,0.34858688,0.22627869,0.26722818,0.24584538
80.002,0.27437513,0.26564031,0.26321617,0.34283778,0.22903001,0.26315932,0.34808131,0.22455505,0.26488418,0.24921423
80.382,0.27114403,0.26762022,0.26882936,0.34047637,0.23527088,0.26198002,0.3457017,0.22776916,0.2711554,0.24118371
80.761,0.2664846,0.26008216,0.27641812,0.33624351,0.238232,0.26018165,0.34333824,0.22512058,0.27495783,0.23510929
81.14,0.26337832,0.24885465,0.27298439,0.33632816,0.23936598,0.26027129,0.34349307,0.22361465,0.26086074,0.23432609
81.519,0.26518282,0.25335445,0.26547118,0.33968804,0.24032637,0.26100333,0.33051714,0.22467485,0.25150578,0.23503809
81.898,0.26469539,0.26101012,0.26119402,0.33854847,0.23297437,0.26786626,0.331642,0.21687081,0.25400315,0.23427738
82.277,0.25958676,0.25495678,0.25669851,0.3351952,0.22884501,0.27266471,0.33991008,0.20954598,0.26444365,0.23917326
82.657,0.26050896,0.25479919,0.24907559,0.33351526,0.2269482,0.27745009,0.34551459,0.21148733,0.26944739,0.24377873
83.036,0.26351929,0.25746627,0.2414444,0.3354954,0.22454207,0.27568067,0.34589395,0.21414622,0.27870612,0.24354827
83.415,0.27070925,0.2659475,0.24652979,0.33660195,0.22610999,0.27504946,0.34857073,0.21000201,0.279079,0.24794108
83.794,0.26256906,0.26165809,0.25346969,0.33836114,0.23027933,0.26820708,0.34321277,0.20174064,0.27190115,0.24893412
84.173,0.25952732,0.26331001,0.25485022,0.33681569,0.22976316,0.26168682,0.33578852,0.21169087,0.27426771,0.24021034
84.552,0.25918595,0.26619869,0.25873929,0.33168281,0.22931779,0.25771753,0.33522572,0.21316073,0.27440002,0.23660541
84.932,0.25490781,0.26154209,0.25996769,0.3306339,0.22973232,0.2624002,0.3414011,0.20712026,0.27156737,0.23705977
85.311,0.25401277,0.25967257,0.25145168,0.33149909,0.22990248,0.26426206,0.34441028,0.20163888,0.27126817,0.23655857
85.69,0.25558545,0.26494834,0.24820009,0.3306225,0.22491093,0.26142725,0.33707701,0.20325431,0.26801754,0.23463431
86.069,0.25994511,0.26921615,0.25130472,0.32786603,0.22392426,0.25961674,0.33664629,0.20345269,0.26789425,0.23252269
86.448,0.26566175,0.26612189,0.25672438,0.32580903,0.2246163,0.26387082,0.34201159,0.2044253,0.2637836,0.23480763
86.827,0.26774563,0.26932255,0.25812043,0.32971588,0.2265565,0.26386802,0.34550139,0.20592994,0.26323181,0.241476
87.206,0.26510045,0.26889617,0.25647808,0.33694958,0.22478759,0.26424245,0.33834202,0.20522013,0.26926547,0.24037803
87.586,0.26440667,0.26652187,0.26064864,0.33642903,0.22424059,0.26474386,0.33902883,0.20287428,0.27205451,0.23325998
87.965,0.26287816,0.26020375,0.25508203,0.33159996,,0.26028343,0.34244892,0.20434028,0.27524801,0.23074177
88.344,0.25910697,0.25122975,0.25304435,0.32949553,,0.25666148,0.34559604,0.20581142,0.27797691,0.23151935
88.723,0.2547057,0.24437325,0.25614588,0.33221838,,0.25556061,0.34571271,0.20569291,0.27083365,0.22806056
89.102,0.25957402,0.24945382,0.25745294,0.33533689,,0.25443173,0.34426059,0.20815212,0.26239885,0.22464112
89.481,0.26065927,0.24741311,0.25729563,0.33442367,,0.24849786,0.34391058,0.20829125,0.25467222,0.22386168
89.861,0.2566087,0.25178972,0.25078107,0.33143365,,0.24300285,0.34188685,0.21142292,0.25567507,0.22591709
90.24,0.25461739,0.25772706,0.24230025,0.33468425,,0.24147433,0.33959383,0.2111511,0.25655012,0.22712092
90.619,0.24951809,0.26115971,0.24144337,0.33669081,,0.24257426,0.33534092,0.21098879,0.25998418,0.22637052
90.998,0.24563227,0.26100452,0.24816387,0.33773191,,0.24791988,0.34092635,0.21053276,0.26709437,0.22541307
91.377,0.24815941,0.26006296,0.24977517,0.33763465,,0.24803659,0.33685908,0.20549452,0.26634261,0.22741134
91.756,0.25513369,0.25631112,0.2484319,0.3337302,,0.24828123,0.33583621,0.20116095,0.26594868,0.22882876
92.136,0.25595993,0.25094096,,0.3297489,,0.24725413,0.34120151,,0.26604491,0.22807461
92.515,0.24839718,0.24954022,,0.32612965,,0.2433558,0.33753782,,0.26920833,0.22312627
92.894,0.24980172,0.25088496,,,,0.24112604,0.33524186,,0.27382567,0.21853953
93.273,0.25253266,0.24531721,,,,0.24598612,0.33641002,,0.27622079,0.21711555
93.652,0.251416,0.24397247,,,,0.24877798,0.3332761,,0.27479996,0.21847677
94.031,0.24790721,0.2453876,,,,0.24714675,0.33555004,,0.26611557,0.22132755
94.41,0.25021272,0.24122699,,,,0.24294682,0.33763981,,0.26024429,0.22086475
94.79,0.24886678,0.24393727,,,,0.24129505,0.33814171,,0.25879489,0.22011341
95.169,,0.24677394,,,,0.24723172,0.3425942,,0.26250259,0.21880185
95.548,,0.24212695,,,,0.24789373,0.34192501,,0.26496237,0.21882339
95.927,,0.24184936,,,,0.24697401,0.33724798,,0.26686884,
96.306,,0.24581238,,,,0.25450362,0.33519783,,0.26777697,
96.685,,0.2454932,,,,0.2570275,0.3332174,,0.26517587,
97.065,,0.24580438,,,,0.2573319,0.32917214,,0.26503003,
97.444,,0.24179656,,,,0.25662693,0.33065288,,0.25917679,
97.823,,0.2385951,,,,0.24715982,0.33454478,,0.26006237,
98.202,,0.24140858,,,,0.24713368,0.33158183,,0.25909409,
98.581,,0.24176696,,,,0.24283664,0.3303359,,0.25450833,
98.96,,0.23704317,,,,0.24163866,0.33522278,,,
99.34,,0.23771994,,,,0.24232962,0.33951972,,,
99.719,,0.24212055,,,,0.24002517,0.33929592,,,
100.098,,0.24398766,,,,0.24348558,0.3382415,,,
100.477,,0.24332369,,,,0.24561076,0.33959677,,,
100.856,,0.23824632,,,,0.2435332,0.3430352,,,
101.235,,,,,,0.2396274,0.34141871,,,
101.614,,,,,,0.23554233,0.33842934,,,
101.994,,,,,,0.2411111,0.33470107,,,
102.373,,,,,,,0.33196999,,,
102.752,,,,,,,0.32998736,,,
103.131,,,,,,,0.3253118,,,
103.51,,,,,,,0.32427792,,,
103.889,,,,,,,0.32330348,,,
104.269,,,,,,,0.3201835,,,
104.648,,,,,,,0.32088278,,,
105.027,,,,,,,0.32590028,,,
105.406,,,,,,,0.33245868,,,
105.785,,,,,,,0.33356153,,,
106.164,,,,,,,0.33018768,,,
106.544,,,,,,,0.32823659,,,
106.923,,,,,,,0.32792327,,,
107.302,,,,,,,0.32782715,,,
107.681,,,,,,,0.32936366,,,
108.06,,,,,,,0.33286519,,,
108.439,,,,,,,0.33356374,,,
108.818,,,,,,,0.33141673,,,
109.198,,,,,,,0.33385504,,,
109.577,,,,,,,0.33381395,,,
109.956,,,,,,,0.33232,,,
110.335,,,,,,,0.33076588,,,
110.714,,,,,,,0.32844278,,,
111.093,,,,,,,0.32656434,,,
111.473,,,,,,,0.32508359,,,
111.852,,,,,,,0.32309509,,,
112.231,,,,,,,,,,
112.61,,,,,,,,,,
112.989,,,,,,,,,,
113.368,,,,,,,,,,
113.748,,,,,,,,,,
114.127,,,,,,,,,,
114.506,,,,,,,,,,
114.885,,,,,,,,,,
115.264,,,,,,,,,,
115.643,,,,,,,,,,
116.023,,,,,,,,,,
116.402,,,,,,,,,,
116.781,,,,,,,,,,
117.16,,,,,,,,,,
117.539,,,,,,,,,,
117.918,,,,,,,,,,
118.297,,,,,,,,,,
118.677,,,,,,,,,,
119.056,,,,,,,,,,
119.435,,,,,,,,,,
119.814,,,,,,,,,,
120.193,,,,,,,,,,
120.572,,,,,,,,,,
120.952,,,,,,,,,,
121.331,,,,,,,,,,
121.71,,,,,,,,,,
122.089,,,,,,,,,,
122.468,,,,,,,,,,
122.847,,,,,,,,,,
123.227,,,,,,,,,,
123.606,,,,,,,,,,
123.985,,,,,,,,,,
124.364,,,,,,,,,,
124.743,,,,,,,,,,
125.122,,,,,,,,,,
125.501,,,,,,,,,,
125.881,,,,,,,,,,
126.26,,,,,,,,,,
126.639,,,,,,,,,,
127.018,,,,,,,,,,
127.397,,,,,,,,,,
127.776,,,,,,,,,,
128.156,,,,,,,,,,
128.535,,,,,,,,,,
128.914,,,,,,,,,,
129.293,,,,,,,,,,
129.672,,,,,,,,,,
130.051,,,,,,,,,,
130.431,,,,,,,,,,
130.81,,,,,,,,,,
131.189,,,,,,,,,,
131.568,,,,,,,,,,
131.947,,,,,,,,,,
132.326,,,,,,,,,,
132.705,,,,,,,,,,
133.085,,,,,,,,,,
133.464,,,,,,,,,,
133.843,,,,,,,,,,
134.222,,,,,,,,,,
134.601,,,,,,,,,,
134.98,,,,,,,,,,
135.36,,,,,,,,,,
135.739,,,,,,,,,,
136.118,,,,,,,,,,
136.497,,,,,,,,,,
136.876,,,,,,,,,,
137.255,,,,,,,,,,
137.635,,,,,,,,,,
138.014,,,,,,,,,,
138.393,,,,,,,,,,
138.772,,,,,,,,,,
139.151,,,,,,,,,,
139.53,,,,,,,,,,
139.909,,,,,,,,,,
140.289,,,,,,,,,,
140.668,,,,,,,,,,
141.047,,,,,,,,,,
141.426,,,,,,,,,,
141.805,,,,,,,,,,
142.184,,,,,,,,,,
142.564,,,,,,,,,,
142.943,,,,,,,,,,
143.322,,,,,,,,,,
143.701,,,,,,,,,,
144.08,,,,,,,,,,
144.459,,,,,,,,,,
144.839,,,,,,,,,,
145.218,,,,,,,,,,
145.597,,,,,,,,,,
145.976,,,,,,,,,,
146.355,,,,,,,,,,
146.734,,,,,,,,,,
147.114,,,,,,,,,,
147.493,,,,,,,,,,
147.872,,,,,,,,,,
148.251,,,,,,,,,,
148.63,,,,,,,,,,
149.009,,,,,,,,,,
149.388,,,,,,,,,,
149.768,,,,,,,,,,
150.147,,,,,,,,,,
150.526,,,,,,,,,,
150.905,,,,,,,,,,
151.284,,,,,,,,,,
151.663,,,,,,,,,,
152.043,,,,,,,,,,
152.422,,,,,,,,,,
152.801,,,,,,,,,,
153.18,,,,,,,,,,
153.559,,,,,,,,,,
153.938,,,,,,,,,,
154.318,,,,,,,,,,
154.697,,,,,,,,,,
155.076,,,,,,,,,,
155.455,,,,,,,,,,
155.834,,,,,,,,,,
156.213,,,,,,,,,,
156.592,,,,,,,,,,
156.972,,,,,,,,,,
157.351,,,,,,,,,,
157.73,,,,,,,,,,
158.109,,,,,,,,,,
158.488,,,,,,,,,,
158.867,,,,,,,,,,
159.247,,,,,,,,,,
159.626,,,,,,,,,,
160.005,,,,,,,,,,
160.384,,,,,,,,,,
160.763,,,,,,,,,,
161.142,,,,,,,,,,
161.522,,,,,,,,,,
161.901,,,,,,,,,,
162.28,,,,,,,,,,
162.659,,,,,,,,,,
163.038,,,,,,,,,,
163.417,,,,,,,,,,
163.796,,,,,,,,,,
164.176,,,,,,,,,,
164.555,,,,,,,,,,
164.934,,,,,,,,,,
165.313,,,,,,,,,,
165.692,,,,,,,,,,
166.071,,,,,,,,,,
166.451,,,,,,,,,,
166.83,,,,,,,,,,
167.209,,,,,,,,,,
167.588,,,,,,,,,,
167.967,,,,,,,,,,
168.346,,,,,,,,,,
168.726,,,,,,,,,,
169.105,,,,,,,,,,
169.484,,,,,,,,,,
169.863,,,,,,,,,,
170.242,,,,,,,,,,
170.621,,,,,,,,,,
171,,,,,,,,,,
171.38,,,,,,,,,,
171.759,,,,,,,,,,
172.138,,,,,,,,,,
172.517,,,,,,,,,,
172.896,,,,,,,,,,
173.275,,,,,,,,,,
173.655,,,,,,,,,,
174.034,,,,,,,,,,
174.413,,,,,,,,,,
174.792,,,,,,,,,,
175.171,,,,,,,,,,
175.55,,,,,,,,,,
175.93,,,,,,,,,,
176.309,,,,,,,,,,
176.688,,,,,,,,,,
177.067,,,,,,,,,,
177.446,,,,,,,,,,
177.825,,,,,,,,,,
178.204,,,,,,,,,,
178.584,,,,,,,,,,
178.963,,,,,,,,,,
179.342,,,,,,,,,,
179.721,,,,,,,,,,
180.1,,,,,,,,,,
180.479,,,,,,,,,,
180.859,,,,,,,,,,
181.238,,,,,,,,,,
181.617,,,,,,,,,,
181.996,,,,,,,,,,
182.375,,,,,,,,,,
182.754,,,,,,,,,,
183.134,,,,,,,,,,