distance,1,2,3,4,5,6,7
0,1.54661749,1.61103865,1.52139754,1.67743815,1.62983102,1.51946901,1.46922977
0.379,1.71400806,1.79632045,1.54758152,1.78575565,1.70660158,1.7309189,1.71290637
0.758,1.84824176,2.04269112,1.76760837,2.04080357,1.8661109,1.95594203,1.8709623
1.137,2.02831874,2.32290947,2.00342323,2.25218408,2.15667543,1.97115013,2.03943936
1.517,2.18061668,2.54846935,2.1180641,2.25969151,2.24827137,2.12781756,2.15792616
1.896,2.25135731,2.66804492,2.29031066,2.48704032,2.29397421,2.44333061,2.16509312
2.275,2.55645436,2.73901418,2.34287505,2.7283764,2.4503242,2.46167627,2.30852313
2.654,2.72595879,2.50978257,2.32984151,2.76202567,2.50208036,2.77672921,2.48957563
3.033,2.70132807,2.41752645,2.23841502,2.4406821,2.64556265,2.96586376,2.52637726
3.412,2.6438971,2.58528441,2.20784912,2.3648097,2.6487971,2.86602969,2.38281747
3.792,2.38637167,2.60529954,2.20879378,2.44770222,2.57266241,2.81154582,2.22363896
4.171,2.39395332,2.58829744,2.30962012,2.32893575,2.46617099,2.8520355,2.19369931
4.55,2.3032177,2.50472172,2.45659463,2.29868002,2.14051821,2.76154068,2.27288301
4.929,2.30732336,2.29645088,2.45395706,2.31638217,1.81136062,2.45443688,2.30546687
5.308,2.49242799,2.12448642,2.32720394,2.45869852,1.92948805,2.44647796,2.31536889
5.687,2.44464434,2.10887996,2.23405648,2.42750701,2.19310051,2.22242889,2.4135001
6.067,2.33377881,2.15396455,2.26291078,2.51471471,2.43324571,2.18908071,2.44817987
6.446,2.28854593,2.39017439,2.28617192,2.54164754,2.34053824,2.43669817,2.54667121
6.825,2.22085082,2.54153678,2.2754673,2.51459818,2.1582576,2.67250941,2.49048731
7.204,2.28305245,2.44022852,2.218521,2.31896704,2.17230192,2.61114347,2.45875673
7.583,2.32674651,2.2840205,2.23779304,2.31649163,2.34883465,2.5702769,2.50280968
7.962,2.49910691,2.02323033,2.1843822,2.26276016,2.45228689,2.63333643,2.49840698
8.341,2.49303838,1.95678714,2.15992387,2.29818564,2.3822556,2.52218562,2.23824216
8.721,2.43838948,2.07635619,2.1566877,2.33746725,2.17797472,2.3615583,2.29190838
9.1,2.28932016,2.26085539,1.98323926,2.23048456,1.97731381,2.18257064,2.30995717
9.479,2.19986957,2.29064004,1.80360375,2.23292112,1.85588684,2.28528285,2.29611965
9.858,2.11743201,2.24460328,1.68197145,2.07533565,1.83942421,2.3809955,2.26857764
10.237,2.06573224,2.34215503,1.66276487,1.90379821,1.89731881,2.25801399,2.04379015
10.616,1.98737142,2.35236151,1.70407748,1.86225661,2.033456,2.13701976,2.06653689
10.996,1.84049306,2.31290516,1.86865919,1.89327509,2.12565778,2.22137162,2.18742781
11.375,1.81916165,2.15739497,1.84853133,2.04212073,2.16647891,2.14160618,2.16820128
11.754,1.92056939,1.9030352,1.74181254,2.04240323,2.04735511,2.05699979,2.22774317
12.133,2.00712546,1.70876648,1.6445544,1.92556482,1.99288522,1.91507545,2.1674648
12.512,1.97726148,1.58930831,1.55761272,1.90167946,2.02978596,1.92841375,2.21633249
12.891,1.98527361,1.62033209,1.47044656,2.01290318,1.92134685,2.07938854,2.09640841
13.271,1.98801393,1.67201664,1.42396637,1.96345511,1.78292152,2.09967743,1.94618779
13.65,1.79491644,1.7303403,1.5106181,1.75284795,1.76292402,2.0389674,1.91856466
14.029,1.87488997,1.78043356,1.446671,1.65862719,1.78972587,1.95424843,1.92984881
14.408,1.97631699,1.67139056,1.38796631,1.64646557,1.74631618,1.81638187,1.97768802
14.787,1.75473692,1.65614932,1.42593987,1.75098345,1.69641257,1.92407207,2.14970151
15.166,1.61491978,1.60265825,1.40792581,1.7852189,1.69351358,1.86800229,2.22529687
15.545,1.55533317,1.59718653,1.38784004,1.80643464,1.64951809,1.78473708,2.22384985
15.925,1.53245973,1.50536085,1.36418607,1.84701574,1.60218801,1.75756612,2.02412887
16.304,1.58353947,1.35541367,1.32784463,1.83943062,1.56582301,1.47354613,1.96049899
16.683,1.60698475,1.33547028,1.25333321,1.75710311,1.4779622,1.42356546,1.76712089
17.062,1.51626199,1.46047843,1.19942666,1.66530831,1.38004256,1.4586415,1.66918759
17.441,1.46690418,1.57592576,1.11807345,1.55341013,1.2773113,1.3259781,1.69130167
17.82,1.31441348,1.52193904,1.06084187,1.50204459,1.24096132,1.40669313,1.73074752
18.2,1.29932408,1.25891844,1.03527051,1.49762347,1.2920716,1.38967885,1.79037376
18.579,1.33734154,1.15937105,0.98509117,1.42129908,1.29110026,1.31193496,1.77867108
18.958,1.28714847,1.10068869,0.9417162,1.30701023,1.28435098,1.26250251,1.73149698
19.337,1.23694575,1.08999961,0.9216959,1.22986306,1.21097008,1.22113667,1.69912076
19.716,1.24801624,1.08152138,0.91604663,1.2625942,1.14932532,1.25998169,1.54483486
20.095,1.30670333,1.05045848,0.96498202,1.28654312,1.09869571,1.44154891,1.51889559
20.475,1.25749973,1.04526067,1.00114108,1.20896513,1.00192264,1.31021199,1.45274479
20.854,1.24463341,0.99143699,0.9796617,1.22140925,0.95965452,1.18151826,1.37059568
21.233,1.1787534,0.89245047,0.9217567,1.23395224,0.94911503,1.12215919,1.37497567
21.612,1.10156516,0.82603989,0.81036603,1.24461308,0.94526474,1.00669117,1.43521511
21.991,0.94263649,0.7661445,0.74022251,1.161657,0.92933283,0.9034846,1.32292843
22.37,0.88482964,0.72149034,0.68749912,1.08221452,0.90255601,0.83462964,1.35705665
22.75,0.83132441,0.64801023,0.68908915,0.98048985,0.83605458,0.75191264,1.35450977
23.129,0.84011398,0.64724719,0.6826776,0.91827633,0.73830016,0.72921062,1.36407761
23.508,0.85053553,0.6770514,0.65275238,0.86403989,0.67769183,0.71184881,1.3264746
23.887,0.82318057,0.67172317,0.63272741,0.85314246,0.62574039,0.6925193,1.27023555
24.266,0.80296712,0.68128399,0.6232387,0.82142126,0.59671548,0.64120725,1.22282785
24.645,0.82267619,0.65675584,0.61200563,0.78068125,0.56951809,0.65048777,1.16273117
25.024,0.78698784,0.5938735,0.61547095,0.75451823,0.57911128,0.67867684,1.12063137
25.404,0.75091719,0.55253238,0.66284437,0.70351995,0.52301915,0.69405626,1.10360457
25.783,0.70231112,0.48129573,0.64621457,0.64735192,0.4775266,0.67527007,1.09307313
26.162,0.67088262,0.44868718,0.59136803,0.64006695,0.45758418,0.63095267,0.96982026
26.541,0.63441682,0.44965891,0.54148798,0.58386714,0.44193766,0.5219213,1.00620336
26.92,0.63492762,0.48088487,0.48969523,0.58913223,0.45440481,0.47768222,1.00265719
27.299,0.59395139,0.49476959,0.47012388,0.59682329,0.43985981,0.42151454,1.01099215
27.679,0.57627587,0.45418498,0.49691114,0.58481351,0.42541995,0.39834752,0.94513335
28.058,0.59000957,0.39815044,0.51534609,0.59052001,0.39703092,0.41888115,0.96936279
28.437,0.63014733,0.37337446,0.48133356,0.56598843,0.36243835,0.4167666,0.89790409
28.816,0.59496013,0.37568315,0.44087208,0.53797151,0.34221555,0.41894968,0.85660243
29.195,0.54363624,0.41495689,0.40435293,0.50773696,0.3373789,0.41656592,0.80409448
29.574,0.5152661,0.41854383,0.39546749,0.49765172,0.32758543,0.43996789,0.7842872
29.954,0.51932356,0.40373303,0.38262102,0.50571003,0.33452497,0.40360942,0.77646486
30.333,0.50437872,0.38887005,0.38022663,0.47991779,0.33084491,0.37650209,0.80889624
30.712,0.48555311,0.37887227,0.34713538,0.44456647,0.32412067,0.36489655,0.80299461
31.091,0.45559596,0.34546154,0.35357499,0.42971051,0.30616097,0.35284069,0.7955097
31.47,0.43674143,0.3468311,0.33843233,0.43218238,0.28943297,0.35295327,0.72473233
31.849,0.43353208,0.34533111,0.32179318,0.43901888,0.28648892,0.32871918,0.72334047
32.228,0.40893028,0.33858766,0.3017495,0.41488633,0.30592064,0.30421098,0.71091104
32.608,0.3901143,0.3122856,0.30580406,0.39630843,0.29822005,0.3205302,0.67653624
32.987,0.39444484,0.32226382,0.29788667,0.38022713,0.28521217,0.30856734,0.70351697
33.366,0.39200008,0.30586171,0.30453204,0.36994414,0.28772562,0.30965888,0.70377003
33.745,0.38314304,0.29009874,0.31433408,0.37764226,0.28403054,0.29788692,0.66375641
34.124,0.37943575,0.28694875,0.31630291,0.37946791,0.27328577,0.30972251,0.66106353
34.503,0.37938756,0.27914226,0.30541591,0.36343605,0.27338591,0.29563042,0.67199403
34.883,0.36234491,0.27649445,0.30496228,0.36115839,0.28633371,0.29083353,0.67754202
35.262,0.35898457,0.2662358,0.29126936,0.34689921,0.26192515,0.28154812,0.64619103
35.641,0.34645879,0.2770814,0.28308072,0.32936656,0.25926148,0.274808,0.5950425
36.02,0.34420679,0.26335972,0.29127871,0.30282924,0.27332082,0.25479322,0.54421842
36.399,0.34678326,0.24355981,0.28941744,0.32476182,0.2820328,0.23927675,0.51151126
36.778,0.32904028,0.23770984,0.28161696,0.31929545,0.28530229,0.22550771,0.49119785
37.158,0.32032781,0.25799236,0.25925839,0.3003503,0.27241457,0.26676587,0.51226072
37.537,0.31275901,0.2590554,0.25854288,0.30335892,0.25249718,0.25702035,0.50621958
37.916,0.30005333,0.24978804,0.26283595,0.31329939,0.26554012,0.24170946,0.49823827
38.295,0.31425607,0.23335333,0.25020928,0.30556242,0.26519464,0.25343736,0.48069885
38.674,0.30969423,0.22142512,0.26546417,0.29965818,0.25136563,0.24708393,0.48734346
39.053,0.3043164,0.24006417,0.26174164,0.28211847,0.22956565,0.21210579,0.51464863
39.432,0.29222753,0.22510337,0.257023,0.28060356,0.22100889,0.23983475,0.50691714
39.812,0.29714275,0.22167295,0.24670187,0.28655725,0.21604206,0.23721604,0.45000973
40.191,0.30386021,0.22089034,0.24674395,0.26386545,0.22994618,0.23327574,0.40591136
40.57,0.29839886,0.21351429,0.23735345,0.26315566,0.23417199,0.20783753,0.41169619
40.949,0.29475581,0.22832509,0.24167925,0.25916182,0.22433346,0.2153804,0.40304328
41.328,0.28261554,0.24440763,0.25131762,0.26539448,0.22277131,0.21458744,0.39402375
41.707,0.2761101,0.24014896,0.23799414,0.27702641,0.22062336,0.23244852,0.39086691
42.087,0.27429179,0.22189469,0.23217651,0.26792991,0.23689573,0.24121019,0.40253715
42.466,0.27419541,0.21940992,0.22660207,0.25973035,0.23798223,0.23352048,0.3906982
42.845,0.26709886,0.22295773,0.22124275,0.27131638,0.22295657,0.22048566,0.39191162
43.224,0.26030108,0.20096652,0.22013908,0.26806763,0.21952685,0.21258548,0.38588022
43.603,0.26905853,0.20550563,0.23889203,0.26281313,0.23118288,0.20228195,0.36659529
43.982,0.26392485,0.20463172,0.2280518,0.26544391,0.20902241,0.19649142,0.35527545
44.362,0.25750615,0.21117952,0.21210945,0.27010163,0.20275879,0.20724037,0.36644605
44.741,0.26814616,0.22940118,0.19590522,0.26772157,0.20134185,0.19582083,0.37767504
45.12,0.26688683,0.21901209,0.19471737,0.24659411,0.19994993,0.21957523,0.3627409
45.499,0.24915991,0.21257516,0.20335963,0.24767467,0.19937915,0.20494961,0.35189151
45.878,0.24488721,0.21916209,0.21874547,0.24328886,0.19760671,0.2069271,0.35001298
46.257,0.24067554,0.20427955,0.22494657,0.23362384,0.19528852,0.18947229,0.36044708
46.636,0.23438213,0.18797527,0.213316,0.23642765,0.19190387,0.20338817,0.30656025
47.016,0.23763967,0.18890135,0.21125832,0.23835924,0.19653023,0.2110583,0.33138992
47.395,0.23506319,0.18416007,0.20723649,0.23557309,0.18948054,0.18474882,0.30586594
47.774,0.23436607,0.18695136,0.19786001,0.23901958,0.18491926,0.18798917,0.31396405
48.153,0.22673944,0.20163173,0.20398629,0.23836983,0.1787608,0.19583062,0.30199533
48.532,0.22043639,0.19992304,0.20255994,0.24042502,0.16394042,0.19452371,0.32049186
48.911,0.22953437,0.19697523,0.2071944,0.23499749,0.16745024,0.191254,0.31531374
49.291,0.24150117,0.19626436,0.19794419,0.22406475,0.17400926,0.19308954,0.32740899
49.67,0.23882831,0.18126443,0.1914625,0.228161,0.17878082,0.18997646,0.32880086
50.049,0.23158399,0.18318181,0.19677505,0.23669249,0.18642133,0.20770537,0.33761274
50.428,0.22249243,0.189697,0.19975401,0.22182947,0.18294154,0.21358891,0.32165012
50.807,0.23108925,0.18896657,0.20752643,0.21543438,0.17327826,0.2006373,0.31196548
51.186,0.22387705,0.18931222,0.20790056,0.21534963,0.16914257,0.1951943,0.31734475
51.566,0.21925096,0.189547,0.20119439,0.22890256,0.17401427,0.18958977,0.31846408
51.945,0.22596843,0.17868183,0.19134091,0.21506007,0.17775441,0.17912961,0.32325936
52.324,0.20488438,0.17710358,0.19026998,0.20862613,0.17310302,0.19083794,0.31844137
52.703,0.20812264,0.18498833,0.18429335,0.20219573,0.17936663,0.18936461,0.31993057
53.082,0.20664165,0.18956657,0.17904627,0.20865438,0.17184128,0.18948698,0.3010512
53.461,0.19778783,0.17337316,0.17213901,0.20918054,0.15456252,0.18546836,0.29746285
53.841,0.19787457,0.16131452,0.17622631,0.19749917,0.1570159,0.17558578,0.29387451
54.22,0.1916936,0.16350581,0.17421072,0.18786593,0.15929904,0.17299155,0.29305042
54.599,0.19009374,0.1612493,0.16978203,0.19177502,0.15819251,0.17116579,0.32866459
54.978,0.20226293,0.16953839,0.17531438,0.20981969,0.16266366,0.17389708,0.32100448
55.357,0.21267806,0.17274708,0.1697867,0.21730947,0.16849668,0.1738824,0.31063202
55.736,0.21532842,0.17731227,0.15869393,0.2178321,0.16392039,0.17083784,0.30352346
56.115,0.20282191,0.17731879,0.17581945,0.20932532,0.16345475,0.17730385,0.290669
56.495,0.19704573,0.16114495,0.16583502,0.20368945,0.16555764,0.18177279,0.30829278
56.874,0.19502503,0.1633819,0.16644297,0.19295799,0.16088121,0.17835623,0.3108137
57.253,0.20211515,0.17106447,0.17251781,0.20292317,0.15878333,0.17840518,0.28747972
57.632,0.20684726,0.16988404,0.1714422,0.21081904,0.16103142,0.16222791,0.27629291
58.011,0.20152404,0.16420363,0.16225746,0.2200815,0.15622481,0.16398514,0.27299007
58.39,0.20842784,0.15130369,0.16684048,0.21840416,0.16169733,0.15971689,0.28571799
58.77,0.19325812,0.1541602,0.17494961,0.20290551,0.16200275,0.16241881,0.27980014
59.149,0.19059811,0.15984061,0.17246169,0.19165142,0.15139817,0.16165033,0.27425865
59.528,0.19243891,0.16251451,0.16164483,0.19157727,0.14353736,0.16889951,0.28138018
59.907,0.1937143,0.15525585,0.16911796,0.19192686,0.15859807,0.17103363,0.2841996
60.286,0.18443321,0.15251021,0.17151702,0.1861003,0.17627738,0.16562979,0.28357991
60.665,0.18578248,0.15825583,0.16719122,0.18428524,0.15414695,0.17203217,0.29316397
61.045,0.19554546,0.15574498,0.16217796,0.19178208,0.1472725,0.17691717,0.28707092
61.424,0.18207519,0.15220369,0.15940477,0.18622743,0.15900363,0.18067147,0.27729219
61.803,0.18242536,0.15108847,0.15068769,0.17850812,0.15932908,0.17262933,0.27853157
62.182,0.18027936,0.15388629,0.15796907,0.18213471,0.15513832,0.17236501,0.30426643
62.561,0.18396417,0.15586237,0.16224343,0.18790124,0.15551383,0.17988341,0.29264162
62.94,0.18696471,0.14947109,0.1572255,0.19076861,0.16064589,0.17043157,0.28022192
63.319,0.18757509,0.14951674,0.15485449,0.18077518,0.16342471,0.1642054,0.28996496
63.699,0.17886905,0.15499498,0.15580383,0.17542887,0.15535862,0.15753381,0.28056259
64.078,0.17884977,0.16194712,0.15581318,0.17282634,0.14678683,0.15831698,0.28042956
64.457,0.18167683,0.16127539,0.15303531,0.18401687,0.1397071,0.15839529,0.27773993
64.836,0.18089296,0.15684714,0.15361053,0.18613208,0.14233571,0.15401935,0.25874375
65.215,0.17787637,0.15890148,0.15279681,0.18590255,0.14631618,0.15278097,0.2538479
65.594,0.17912284,0.15423846,0.16094335,0.19054261,0.1528752,0.16626122,0.26955421
65.974,0.17739127,0.1498037,0.16403455,0.18239249,0.15729628,0.16572279,0.2590098
66.353,0.179624,0.14891022,0.15885294,0.17352906,0.14819877,0.15783729,0.26354227
66.732,0.17604842,0.14649067,0.15663625,0.17773478,0.13710352,0.15438157,0.27095257
67.111,0.16734559,0.14836892,0.15457857,0.17541121,0.13543622,0.15231107,0.26543378
67.49,0.1651996,0.15558845,0.15014988,0.17344431,0.1434923,0.15203207,0.26531049
67.869,0.17301897,0.14696023,0.15799245,0.16965881,0.14794342,0.15239428,0.27286354
68.249,0.16720102,0.14202982,0.16243049,0.15843297,0.15002629,0.15080837,0.27339887
68.628,0.16479803,0.14445589,0.16160275,0.16441491,0.15195394,0.15937915,0.26342223
69.007,0.16491689,0.14868196,0.15809534,0.18208174,0.14741269,0.15589895,0.25470443
69.386,0.16558189,0.14571458,0.15570562,0.18414046,0.14289148,0.16207617,0.2662384
69.765,0.17070272,0.14201025,0.15228707,0.18061627,0.14738265,0.16461167,0.26324703
70.144,0.17240859,0.14358851,0.14911169,0.17720862,0.14905495,0.16471936,0.26578418
70.523,0.17169861,0.13818201,0.14503842,0.17303822,0.14607085,0.16202233,0.29363117
70.903,0.16830293,0.13906244,0.14503842,0.17043569,0.1445838,0.15939872,0.27317825
71.282,0.17290332,0.14539502,0.14784435,0.16998722,0.13872074,0.15682407,0.2631497
71.661,0.16950443,0.14496459,0.1444632,0.170923,0.12976843,0.15689259,0.25662189
72.04,0.16209626,0.14378416,0.14425743,0.16365569,0.12605833,0.15865472,0.24645708
72.419,0.16222155,0.14787979,0.1420314,0.16286822,0.13074477,0.16256076,0.24665499
72.798,0.15357976,0.14801023,0.13927691,0.16359213,0.13743898,0.16001547,0.24081825
73.178,0.1468912,0.14481459,0.14312571,0.16176647,0.13463512,0.15637375,0.24766401
73.557,0.15041217,0.13863853,0.14355128,0.1633061,0.12926774,0.15969731,0.26237103
73.936,0.15996954,0.1412733,0.14108206,0.16648422,0.13015396,0.1635544,0.24495815
74.315,0.15541092,0.14380372,0.14030108,0.16212666,0.13130054,0.17546341,0.24599312
74.694,0.1528987,0.14324938,0.13733147,0.15681566,0.13022906,0.17592352,0.25068458
75.073,0.16007235,0.14477546,0.13789265,0.15623301,0.12845162,0.16709822,0.24314126
75.453,0.16248177,0.14393416,0.1420501,0.15949588,0.1298936,0.16283976,0.23453377
75.832,0.1546656,0.1390494,0.14547801,0.15918513,0.13107022,0.15422004,0.23859905
76.211,0.15394278,0.13488202,0.14014207,0.15763844,0.13391413,0.14804282,0.23748621
76.59,0.1556872,0.13914722,0.13649904,0.15649785,0.13433471,0.15390677,0.24268055
76.969,0.15805486,0.14084939,0.1359285,0.15407188,0.13182125,0.14991752,0.24322886
77.348,0.16116783,0.13835157,0.13803295,0.1563566,0.13155589,0.14517937,0.24380637
77.727,0.15519889,0.13449724,0.13395968,0.16117322,0.12936287,0.14500316,0.24838427
78.107,0.14997526,0.1301277,0.13491369,0.15916041,0.13005382,0.14112159,0.25129777
78.486,0.14834649,0.13402768,0.14079211,0.15537844,0.13341344,0.13552685,0.2384271
78.865,0.14833364,0.13801244,0.13921612,0.15441794,0.13153085,0.13553175,0.21768542
79.244,0.14869024,0.13329725,0.13261751,0.15221798,0.13574164,0.13261445,0.21187139
79.623,0.1448705,0.12974291,0.13262219,0.15069248,0.12913756,0.13171871,0.21582636
80.002,0.14018016,0.1319929,0.1381031,0.15222857,0.12536738,0.14069085,0.21785413
80.382,0.14447214,0.1344842,0.14373366,0.15189663,0.12666416,0.15570316,0.22470313
80.761,0.14762367,0.13888635,0.14537045,0.15409307,0.12481662,0.14870851,0.224343
81.14,0.14528171,,0.14092306,0.15402951,0.12271874,0.13606038,0.2212835
81.519,0.14499258,,0.14002048,0.14990148,0.11860809,0.12677008,0.22105314
81.898,0.13987497,,0.13829951,0.14605595,0.11387157,0.1283413,0.21199468
82.277,0.13687122,,0.13344526,0.14409611,0.11499312,0.14009369,0.21240348
82.657,0.13522318,,0.12951696,0.14780745,0.11517336,0.15147896,0.22642269
83.036,0.13662385,,0.13025585,0.15095732,0.1194893,0.1429914,0.23161703
83.415,0.14124673,,0.13188329,0.14912107,0.11502316,0.13671628,0.232652
83.794,0.14468739,,0.13135484,0.14900807,0.11674553,0.14059295,0.22285381
84.173,0.14507611,,0.13546085,0.15308313,0.11847791,0.1278714,0.22703913
84.552,0.14685908,,0.13960427,0.14932942,0.12113656,0.12286404,0.23179872
84.932,0.15162652,,0.14053023,0.14135586,0.11680561,0.12793993,0.23412173
85.311,0.14869666,,0.13874379,0.14050836,0.11753161,0.13257529,0.22499513
85.69,0.14354693,,0.13934238,0.14025411,0.12476655,0.13533106,0.21830186
86.069,0.14012555,,0.14517404,0.13961495,0.12827137,0.13438147,0.21801635
86.448,0.13769685,,0.14094176,0.1400387,0.12251346,0.13956015,0.21735449
86.827,0.13784142,,0.13157464,0.13793408,0.11238954,0.13440594,0.2084842
87.206,0.13677163,,0.12951228,0.1350773,0.11597947,0.13251656,0.20440594
87.586,0.13750088,,0.12637432,0.13447699,0.11765177,0.13260466,0.20651158
87.965,0.13811448,,0.12000019,0.1327043,0.11680561,0.13264872,0.21127766
88.344,0.13862849,,0.11733456,0.13622142,0.11769683,,0.2203491
88.723,0.13630902,,0.1162683,0.14540267,0.11478783,,0.22105314
89.102,0.13481197,,0.11858787,0.1485596,0.11262486,,0.21887613
89.481,0.13827832,,0.11813424,0.14201267,0.11056202,,0.21290637
89.861,0.13900436,,0.11558553,0.13688883,0.11186381,,0.21459023
90.24,0.13394458,,0.11470634,0.13657102,0.11574916,,0.21122899
90.619,0.13117535,,0.11293393,0.13532096,0.114182,,0.2087762
90.998,0.13352052,,0.11466425,0.13442402,0.1087295,,0.21030757
91.377,0.134359,,0.11764788,0.13350942,0.10785831,,0.21431121
91.756,0.13700936,,0.1131584,0.13264074,0.11075729,,0.21476867
92.136,0.13867026,,0.11010461,0.13340349,0.11070722,,0.21114788
92.515,0.13446822,,0.10806564,0.13662752,0.11055702,,0.20150866
92.894,0.13162189,,,0.13754211,0.10408812,,0.1964441
93.273,0.13079948,,,0.1313483,0.09705846,,0.19685939
93.652,0.13239933,,,0.12408806,0.10126424,,0.19741094
94.031,0.13254069,,,0.12175743,0.10917011,,0.19114269
94.41,0.13092156,,,0.12408806,0.11174365,,0.19082149
94.79,0.12710824,,,0.12730855,0.1049443,,0.19071767
95.169,0.12384749,,,0.1243529,,,0.19414379
95.548,0.12361619,,,0.1192114,,,0.19683343
95.927,0.12461208,,,0.12043321,,,0.19613912
96.306,0.12619588,,,0.12505209,,,0.19279411
96.685,0.1259967,,,0.12664115,,,0.18378431
97.065,0.12676771,,,0.12639749,,,0.17873921
97.444,0.12807844,,,0.12608321,,,0.18321004
97.823,0.12524175,,,0.12309931,,,0.18692492
98.202,0.11816447,,,0.11912665,,,0.18409902
98.581,0.11381466,,,0.11838156,,,0.18471222
98.96,0.11545628,,,0.11915137,,,0.18678541
99.34,0.1143351,,,0,,,0.18937123
99.719,0.11415198,,,0.14718242,,,0.18669781
100.098,0.11585464,,,0.13936777,,,0.17718513
100.477,0.1160249,,,0.13352002,,,0.175803
100.856,,,,0.13539158,,,0.17805139
101.235,,,,0.13612961,,,0.17482642
101.614,,,,0.13271489,,,0.17592953
101.994,,,,0.13292324,,,0.1819512
102.373,,,,0.13803295,,,0.18200311
102.752,,,,0.14470701,,,0.17348972
103.131,,,,0.14971079,,,0.16445396
103.51,,,,0.14561454,,,0.16070015
103.889,,,,0.13766217,,,0.16081695
104.269,,,,0.13678642,,,0.1626241
104.648,,,,0.13466767,,,0.1648952
105.027,,,,0.13049727,,,0.16301343
105.406,,,,0.12913774,,,0.15935046
105.785,,,,0.12950852,,,0.16239699
106.164,,,,0.13403205,,,0.1595062
106.544,,,,0.13890517,,,0.15344559
106.923,,,,0.13805061,,,0.15775096
107.302,,,,0.13179677,,,0.16508338
107.681,,,,0.12621387,,,0.16275388
108.06,,,,0.12014012,,,0.15682629
108.439,,,,0.12039437,,,0.15630718
108.818,,,,0.12520746,,,0.16199143
109.198,,,,0.12483668,,,0.16748102
109.577,,,,,,,0.16703329
109.956,,,,,,,0.16894751
110.335,,,,,,,0.16667316
110.714,,,,,,,0.16134579
111.093,,,,,,,0.15757576
111.473,,,,,,,0.15047693
111.852,,,,,,,0.14606774
112.231,,,,,,,0.14923756
112.61,,,,,,,0.15359808
112.989,,,,,,,0.1547239
113.368,,,,,,,0.15164493
113.748,,,,,,,
114.127,,,,,,,
114.506,,,,,,,
114.885,,,,,,,
115.264,,,,,,,
115.643,,,,,,,
116.023,,,,,,,
116.402,,,,,,,
116.781,,,,,,,
117.16,,,,,,,
117.539,,,,,,,
117.918,,,,,,,
118.297,,,,,,,
118.677,,,,,,,
119.056,,,,,,,
119.435,,,,,,,
119.814,,,,,,,
120.193,,,,,,,
120.572,,,,,,,
120.952,,,,,,,
121.331,,,,,,,
121.71,,,,,,,
122.089,,,,,,,
122.468,,,,,,,
122.847,,,,,,,
123.227,,,,,,,
123.606,,,,,,,
123.985,,,,,,,
124.364,,,,,,,
124.743,,,,,,,
125.122,,,,,,,
125.501,,,,,,,
125.881,,,,,,,
126.26,,,,,,,
126.639,,,,,,,
127.018,,,,,,,
127.397,,,,,,,
127.776,,,,,,,
128.156,,,,,,,
128.535,,,,,,,
128.914,,,,,,,
129.293,,,,,,,
129.672,,,,,,,
130.051,,,,,,,
130.431,,,,,,,
130.81,,,,,,,
131.189,,,,,,,
131.568,,,,,,,
131.947,,,,,,,
132.326,,,,,,,
132.705,,,,,,,
133.085,,,,,,,
133.464,,,,,,,
133.843,,,,,,,
134.222,,,,,,,
134.601,,,,,,,
134.98,,,,,,,
135.36,,,,,,,
135.739,,,,,,,
136.118,,,,,,,
136.497,,,,,,,
136.876,,,,,,,
137.255,,,,,,,
137.635,,,,,,,
138.014,,,,,,,
138.393,,,,,,,
138.772,,,,,,,
139.151,,,,,,,
139.53,,,,,,,
139.909,,,,,,,
140.289,,,,,,,
140.668,,,,,,,
141.047,,,,,,,
141.426,,,,,,,
141.805,,,,,,,
142.184,,,,,,,
142.564,,,,,,,
142.943,,,,,,,
143.322,,,,,,,
143.701,,,,,,,
144.08,,,,,,,
144.459,,,,,,,
144.839,,,,,,,
145.218,,,,,,,
145.597,,,,,,,
145.976,,,,,,,
146.355,,,,,,,
146.734,,,,,,,
147.114,,,,,,,
147.493,,,,,,,
147.872,,,,,,,
148.251,,,,,,,
148.63,,,,,,,
149.009,,,,,,,
149.388,,,,,,,
149.768,,,,,,,
150.147,,,,,,,
150.526,,,,,,,
150.905,,,,,,,
151.284,,,,,,,
151.663,,,,,,,
152.043,,,,,,,
152.422,,,,,,,
152.801,,,,,,,
153.18,,,,,,,
153.559,,,,,,,
153.938,,,,,,,
154.318,,,,,,,
154.697,,,,,,,
155.076,,,,,,,
155.455,,,,,,,
155.834,,,,,,,
156.213,,,,,,,
156.592,,,,,,,
156.972,,,,,,,
157.351,,,,,,,
157.73,,,,,,,
158.109,,,,,,,
158.488,,,,,,,
158.867,,,,,,,
159.247,,,,,,,
159.626,,,,,,,
160.005,,,,,,,
160.384,,,,,,,
160.763,,,,,,,
161.142,,,,,,,
161.522,,,,,,,
161.901,,,,,,,
162.28,,,,,,,
162.659,,,,,,,
163.038,,,,,,,
163.417,,,,,,,
163.796,,,,,,,
164.176,,,,,,,
164.555,,,,,,,
164.934,,,,,,,
165.313,,,,,,,
165.692,,,,,,,
166.071,,,,,,,
166.451,,,,,,,
166.83,,,,,,,
167.209,,,,,,,
167.588,,,,,,,
167.967,,,,,,,
168.346,,,,,,,
168.726,,,,,,,
169.105,,,,,,,
169.484,,,,,,,
169.863,,,,,,,
170.242,,,,,,,
170.621,,,,,,,
171,,,,,,,
171.38,,,,,,,
171.759,,,,,,,
172.138,,,,,,,
172.517,,,,,,,
172.896,,,,,,,
173.275,,,,,,,
173.655,,,,,,,
174.034,,,,,,,
174.413,,,,,,,
174.792,,,,,,,
175.171,,,,,,,
175.55,,,,,,,
175.93,,,,,,,
176.309,,,,,,,
176.688,,,,,,,
177.067,,,,,,,
177.446,,,,,,,
177.825,,,,,,,
178.204,,,,,,,
178.584,,,,,,,
178.963,,,,,,,
179.342,,,,,,,
179.721,,,,,,,
180.1,,,,,,,
180.479,,,,,,,
180.859,,,,,,,
181.238,,,,,,,
181.617,,,,,,,
181.996,,,,,,,
182.375,,,,,,,
182.754,,,,,,,
183.134,,,,,,,